Size,DIN648K:Thread,DIN648K:d1,DIN648K:d2,DIN648K:p,DIN648K:b1,DIN648K:b2,DIN648K:d3,DIN648K:d4,DIN648K:d5,DIN648K:d6,DIN648K:D,DIN648K:l1,DIN648K:l2,DIN648K:AF,DIN648K:t,DIN648K:w,DIN648K:C0
M5,M5,5,5,0.8,8,6,7.7,18,9,11,13,27,36,9,10,13,0.6
M6,M6,6,6,1,9,6.8,8.9,20,10,13,16,30,40,11,12,13,0.7
M8,M8,8,8,1.25,12,9,10.4,24,12.5,16,19,36,48,14,16,14,1.2
M10,M10,10,10,1.5,14,10.5,12.9,28,15,19,22,43,57,17,20,13,1.4
M12,M12,12,12,1.75,16,12,15.4,32,17.5,22,26,50,66,19,22,13,1.9
M14,M14,14,14,2,19,13.5,16.8,36,20,25,29,57,75,22,25,15,3.6
M16,M16,16,16,2,21,15,19.3,42,22,27,32,64,85,22,28,15,4.8
M18,M18x1.5,18,18,1.5,23,16.5,21.8,46,25,31,35,71,94,27,32,15,5.1
M20,M20,20,20,2.5,25,18,24.3,50,27.5,34,40,77,102,30,33,14,5.2
M22,M22x1.5,22,22,1.5,28,20,25.8,54,30,37,42,84,111,32,37,15,7.5
M25,M24x2,25,24,2,31,22,29.5,60,33.5,42,47,94,124,36,42,15,8.5
M30,M30x2,30,30,2,37,25,34.8,70,40,50,55,110,145,41,51,17,10.8
M35,M36x2,35,36,2,43,28,37.7,80,40,58,65,125,165,50,56,19,12.4
