Size,DIN648K:Thread,DIN648K:d1,DIN648K:d2,DIN648K:p,DIN648K:b1,DIN648K:b2,DIN648K:d3,DIN648K:d4,DIN648K:D,DIN648K:l1,DIN648K:l2,DIN648K:l3,DIN648K:w,DIN648K:C0
M5,M5,5,5,0.8,8,6,7.7,18,13,33,42,19,13,0.3
M6,M6,6,6,1,9,6.8,8.9,20,16,36,46,21,13,0.4
M8,M8,8,8,1.25,12,9,10.4,24,19,42,54,25,14,0.8
M10,M10,10,10,1.5,14,10.5,12.9,28,22,48,62,28,13,1.3
M12,M12,12,12,1.75,16,12,15.4,32,26,54,70,32,13,1.7
M14,M14,14,14,2,19,13.5,16.8,36,29,60,78,36,15,3.6
M16,M16,16,16,2,21,15,19.3,42,32,66,87,37,15,4.8
M18,M18x1.5,18,18,1.5,23,16.5,21.8,46,35,72,95,41,15,5.1
M20,M20x1.5,20,20,1.5,25,18,24.3,50,40,78,103,45,14,5.2
M22,M22x1.5,22,22,1.5,28,20,25.8,54,42,84,111,48,15,7.5
M25,M24x2,25,24,2,31,22,29.5,60,47,94,124,58,15,8.5
M30,M30x2,30,30,2,37,25,34.8,70,55,110,145,71,15,10.8
